{
  "$schema": "http://json-schema.org/schema#",
  "type": "object",
  "properties": {
    "ingress": {
      "type": "object",
      "form": true,
      "title": "Ingress details",
      "properties": {
        "enabled": {
          "type": "boolean",
          "form": true,
          "title": "Use a custom hostname",
          "description": "Enable the ingress resource that allows you to access the NGINX installation."
        },
        "hostname": {
          "type": "string",
          "form": true,
          "title": "Hostname",
          "hidden": {
            "condition": false,
            "value": "ingress.enabled"
          }
        }
      }
    },
    "replicaCount": {
      "type": "integer",
      "form": true,
      "title": "Number of replicas",
      "description": "Number of replicas to deploy"
    },
    "serverBlock": {
      "type": "string",
      "form": true,
      "title": "Custom server block",
      "description": "Custom server block to be added to NGINX configuration"
    },
    "metrics": {
      "type": "object",
      "form": true,
      "title": "Prometheus metrics details",
      "properties": {
        "enabled": {
          "type": "boolean",
          "title": "Create Prometheus metrics exporter",
          "description": "Create a side-car container to expose Prometheus metrics",
          "form": true
        },
        "serviceMonitor": {
          "type": "object",
          "properties": {
            "enabled": {
              "type": "boolean",
              "title": "Create Prometheus Operator ServiceMonitor",
              "description": "Create a ServiceMonitor to track metrics using Prometheus Operator",
              "form": true,
              "hidden": {
                "condition": false,
                "value": "metrics.enabled"
              }
            }
          }
        }
      }
    }
  }
}
